id,text,label,
0,How did serfdom develop in and then leave Russia ?,DESC,
1,What films featured the character Popeye Doyle ?,ENTY,
2,How can I find a list of celebrities ' real names ?,DESC,
3,What fowl grabs the spotlight after the Chinese Year of the Monkey ?,ENTY,
4,What is the full form of .com ?,ABBR,
5,What contemptible scoundrel stole the cork from my lunch ?,HUM,
6,What team did baseball 's St. Louis Browns become ?,HUM,
7,What is the oldest profession ?,HUM,
8,What are liver enzymes ?,DESC,
9,Name the scar-faced bounty hunter of The Old West .,HUM,
10,When was Ozzy Osbourne born ?,NUM,
11,Why do heavier objects travel downhill faster ?,DESC,
12,Who was The Pride of the Yankees ?,HUM,
13,Who killed Gandhi ?,HUM,
14,What is considered the costliest disaster the insurance industry has ever faced ?,ENTY,
15,What sprawling U.S. state boasts the most airports ?,LOC,
16,What did the only repealed amendment to the U.S. Constitution deal with ?,DESC,
17,How many Jews were executed in concentration camps during WWII ?,NUM,
18,What is `` Nine Inch Nails '' ?,DESC,
19,What is an annotated bibliography ?,DESC,
20,What is the date of Boxing Day ?,NUM,
21,What articles of clothing are tokens in Monopoly ?,ENTY,
22,Name 11 famous martyrs .,HUM,
23,What 's the Olympic motto ?,DESC,
24,What is the origin of the name ` Scarlett ' ?,DESC,
25,What 's the second-most-used vowel in English ?,ENTY,
26,Who was the inventor of silly putty ?,HUM,
27,What is the highest waterfall in the United States ?,LOC,
28,Name a golf course in Myrtle Beach .,ENTY,
29,Which two states enclose Chesapeake Bay ?,LOC,
30,What does the abbreviation AIDS stand for ?,ABBR,
31,What does a spermologer collect ?,ENTY,
32,How many points make up a perfect fivepin bowling score ?,NUM,
33,Which company that manufactures video-game hardware sells the `` super system '' ?,HUM,
34,How many Community Chest cards are there in Monopoly ?,NUM,
35,What do Mormons believe ?,DESC,
36,When did the neanderthal man live ?,NUM,
37,In what religion was Isis the nature goddess ?,ENTY,
38,Where do the adventures of `` The Swiss Family Robinson '' take place ?,LOC,
39,What relative of the racoon is sometimes known as the cat-bear ?,ENTY,
40,How can I register my website in Yahoo for free ?,DESC,
41,What was cash-conscious Colonel Edwin L. Drake the first to drill ?,ENTY,
42,How many people in the world speak French ?,NUM,
43,How many inches over six feet is the Venus de Milo ?,NUM,
44,How do they find or choose witnesses to an execution ?,DESC,
45,What 1920s cowboy star rode Tony the Wonder Horse ?,HUM,
46,What cocktail inspired John Doxat to write the book Stirred-Not Shaken ?,ENTY,
47,What ISPs exist in the Caribbean ?,HUM,
48,How do you ask a total stranger out on a date ?,DESC,
49,What weapon is the mythological character Apollo most proficient with ?,ENTY,
50,What country do the Galapagos Islands belong to ?,LOC,
51,What is ethology ?,DESC,
52,Who was the prophet of the Muslim people ?,HUM,
53,Where did the term `` 86ed '' come from ?,DESC,
54,Who is Snoopy 's arch-enemy ?,HUM,
55,What is the nature of learning ?,DESC,
56,What 's the only color Johnny Cash wears on stage ?,ENTY,
57,What 's the term for a young fox ?,ENTY,
58,What U.S. state lived under six flags ?,LOC,
59,What is the Kashmir issue ?,DESC,
60,Where is the Loop ?,LOC,
61,What does `` extended definition '' mean and how would one write a paper on it ?,DESC,
62,What country 's capital is Tirana ?,LOC,
63,What is titanium ?,DESC,
64,Who do Herb and Tootsie live next door to ?,HUM,
65,Which city has the oldest relationship as a sister√∞city with Los Angeles ?,LOC,
66,What is a caldera ?,DESC,
67,Why do people get calluses ?,DESC,
68,What are the names of the tourist attractions in Reims ?,LOC,
69,What are Cushman and Wakefield known for ?,DESC,
70,What body of water does the Danube River flow into ?,LOC,
71,Who is the founder of Scientology ?,HUM,
72,What does the six-footed Musca domestica become when it enters a house ?,ENTY,
73,What is the history of skateboarding ?,DESC,
74,Who starred in Singing in the Rain and The Singing Nun ?,HUM,
75,How do I make fuel bricks from recycled newspaper ?,DESC,
76,What 19th-century painter died in the Marquesas Islands ?,HUM,
77,The corpus callosum is in what part of the body ?,ENTY,
78,How do I log on to home page at Headquarters U.S. European Command ?,DESC,
79,What country did the Nazis occupy for 1 ,LOC,
80,What is Nebraska 's most valuable resource ?,ENTY,
81,How many species of the Great White shark are there ?,NUM,
82,What is the origin of head lice ?,DESC,
83,What is the nickname for the state of Mississippi ?,LOC,
84,What was the first domesticated bird ?,ENTY,
85,How many villi are found in the small intestine ?,NUM,
86,What country did King Wenceslas rule ?,LOC,
87,What is a fear of shadows ?,ENTY,
88,Who were the five Marx brothers ?,HUM,
89,In which year was New Zealand excluded from the ANZUS alliance ?,NUM,
90,When did CNN begin broadcasting ?,NUM,
91,What causes the body to shiver in cold temperatures ?,DESC,
92,What are bear and bull markets ?,DESC,
93,What J.R.R. Tolkien book features Bilbo Baggins as the central character ?,ENTY,
94,What is `` dew point '' ?,DESC,
95,What is the meaning of Jesus ?,DESC,
96,What company 's logo is a `` W '' in a circle ?,HUM,
97,What is the definition of a cascade ?,DESC,
98,When did Rococo painting and architecture flourish ?,NUM,
99,What country 's national passenger rail system is called Via ?,LOC,
100,Who invented Make-up ?,HUM,
101,What is the origin of the word `` attic '' ?,DESC,
102,What did Delilah do to Samson 's hair ?,DESC,
103,What kind of animals were in the Paleozoic era ?,ENTY,
104,Which of the following was Rhodes Scholar ?,HUM,
105,Who comprised the now-defunct comic book team known as the Champions ?,HUM,
106,How do you make a paintball ?,DESC,
107,What U.S. state is Fort Knox in ?,LOC,
108,What is a female rabbit called ?,ENTY,
109,Where is the highest point in Japan ?,LOC,
110,Where do chihuahuas come from ?,DESC,
111,Where does Barney Rubble go to work after he drops Fred off in the `` Flintstones '' cartoon series ?,LOC,
112,What are the world 's four oceans ?,LOC,
113,What 's the only work by Michelangelo that bears his signature ?,ENTY,
114,What is the largest snake in the world ?,ENTY,
115,In what medium is Stuart Hamblen considered to be the first singing cowboy ?,ENTY,
116,Where on the Internet can I find a song lyrics database similar to the International Lyrics Server ?,LOC,
117,How much money does a back injury lawsuit get ?,NUM,
118,What 's the common name for acetylsalicylic acid ?,ENTY,
119,What does the Georgetown `` Hoya '' mean ?,DESC,
120,Where can I find a list of `` classic '' books 5th and 6th graders should read ?,LOC,
121,Which two products use a tiger as their symbol ?,ENTY,
122,How is the election of a new Pope announced to the world ?,DESC,
123,How long does it take for your blood to make one complete trip through the body ?,NUM,
124,How do chickens have baby chicks ?,DESC,
125,What is the historical relationship of Catholic Church and bingo ?,DESC,
126,How was the element calcium named ?,DESC,
127,What crooner joined The Andrews Sisters for Pistol Packin Mama ?,HUM,
128,What piano company claims its product is the `` Instrument of the immortals '' ?,HUM,
129,When did the Bounty mutiny take place ?,NUM,
130,What novel inspired the movie BladeRunner ?,ENTY,
131,What is a transistor ?,DESC,
132,What is a film starring Jude Law ?,ENTY,
133,What Hollywood dog died in the arms of Jean Harlow in 1932 ?,ENTY,
134,What are the most common elements in the Earth 's crust ?,ENTY,
135,How much would it cost to purchase a 2-foot-square party tent ,NUM,
136,What actress has received the most Oscar nominations ?,HUM,
137,What are equity securities ?,DESC,
138,What is gymnophobia ?,DESC,
139,How many years do fossils take to form ?,NUM,
140,Where is the Orinoco ?,LOC,
141,What was the name of the `` Little Rascals '' dog ?,ENTY,
142,What city boasts Penn 's Landing ,LOC,
143,What Broadway musical was inspired by Cervantes 's Don Quixote ?,ENTY,
144,What is the origin of the word ,DESC,
145,How many hostages were killed in the Entebbe raid ?,NUM,
146,How you can raise your IQ ?,DESC,
147,What does INRI stand for when used on Jesus ' cross ?,ABBR,
148,Who produces Spumante ?,HUM,
149,Who earns their money the hard way ?,HUM,
150,Who founded the People 's Temple Commune ?,HUM,
151,What athlete makes the most money from sports merchandise sales ?,HUM,
152,How many bends are there in a standard paper clip ?,NUM,
153,Who discovered electricity ?,HUM,
154,What part of your body contains the corpus callosum ?,ENTY,
155,Who was the first American in space ?,HUM,
156,What two South American countries do n't border Brazil ?,LOC,
157,What album put The Beatles on the cover of Time in 1967 ?,ENTY,
158,What poem contains the line ,ENTY,
159,What is a dental root canal ?,DESC,
160,What war did the Wanna-Go-Home Riots occur after ?,ENTY,
161,What is the busiest air travel season ?,NUM,
162,What 's the colored part of the eye called ?,ENTY,
163,What are hook worms ?,DESC,
164,Where is the Rose Bowl played ?,LOC,
165,Which Japanese car maker had its biggest percentage of sale in the domestic market ?,HUM,
166,Who is the mayor of Marbella ?,HUM,
167,What sun-blasted ,LOC,
168,In what year did Thatcher become prime minister ?,NUM,
169,How many months does it take the moon to revolve around the Earth ?,NUM,
170,Where are the 49 steps ?,LOC,
171,In what year was De Gaulle elected president of France ?,NUM,
172,Who sings the themes for `` Dawson 's Creek '' and `` Felicity '' ?,HUM,
173,Who directed `` Jaws '' ?,HUM,
174,On what T.V. show could Tom Terrific be found ?,ENTY,
175,What Indian tribe is F Troop perpetually doing battle with ?,HUM,
176,Where did Indian Pudding come from ?,DESC,
177,Why do some clothing labels say `` Use a nonchlorine bleach '' ?,DESC,
178,How many colonies were involved in the American Revolution ?,NUM,
179,What is the name of the city that Maurizio Pellegrin lives in ?,LOC,
180,Where can I find pictorial directions on how to build a very simple treehouse ?,LOC,
181,What game 's board shows the territories of Irkutsk ,ENTY,
182,What is the name of the managing director of Apricot Computer ?,HUM,
183,What is the occupation of Nicholas Cage ?,HUM,
184,Why do horseshoes bring luck ?,DESC,
185,What is the 401 ,DESC,
186,What causes pneumonia ?,DESC,
187,What are the three winter months in the southern hemisphere ?,NUM,
188,What does gringo mean ?,DESC,
189,What country contains Africa 's northernmost point ?,LOC,
190,What therapy attempts to elicit the `` primal scream '' ?,ENTY,
191,Where is the Kalahari desert ?,LOC,
192,Which Ventura County police department seized the largest cocaine shipment in it 's history ?,HUM,
193,What city is sometimes called Gotham ?,LOC,
194,What dangles over the tongue from the palate ?,ENTY,
195,Who created Dennis the Menace ?,HUM,
196,What dummy received an honorary degree from Northwestern University ?,HUM,
197,When was the first Wall Street Journal published ?,NUM,
198,What countries have the largest areas of forest ?,LOC,
199,How do I start a web based business ?,DESC,
200,Name Alvin 's brothers,HUM,
201,What is Eagle 's syndrome styloid process ?,DESC,
202,How did Jayne Mansfield die ?,DESC,
203,When did the royal wedding of Prince Andrew and Fergie take place ?,NUM,
204,What actor said in A Day at the Races : `` Either he 's dead or my watch has stopped '' ?,HUM,
205,What explorer was nicknamed Iberia 's Pilot ?,HUM,
206,CNN began broadcasting in what year ?,NUM,
207,What is a ball that hits the foul pole called ?,ENTY,
208,What makes hamburgers taste like steakburgers ?,DESC,
209,Which company created the Internet browser Mosaic ?,HUM,
210,What are the rites accompanying the circumcision of a newly born-child in Judaism called ?,ENTY,
211,What was the education system in the 1960 's ?,ENTY,
212,What South American city has the world 's highest commercial landing field ?,LOC,
213,How can I find out which cities have cable-modem access ?,DESC,
214,What is Betsy Ross famous for ?,DESC,
215,How many species of sharks are there ?,NUM,
216,What is `` snoogans '' ?,DESC,
217,How many people are there in the world ?,NUM,
218,What shrubs can be planted that will be safe from deer ?,ENTY,
219,What organization 's offices were broken into at Watergate in 1972 ?,HUM,
220,What is the design of the ship Titanic ?,DESC,
221,What does S.O.S. stand for ?,ABBR,
222,Name a technique widely used to detect birth defects ?,ENTY,
223,What is the daily requirement of folic acid for an expectant mother ?,DESC,
224,What is the `` 7-minute cigarette '' ?,DESC,
225,What four forms does gold occur in ?,ENTY,
226,What is the acreage of the Chappellet vineyard ?,NUM,
227,How do you correctly say the word ` qigong ' ?,DESC,
228,When did beethoven die ?,NUM,
229,How much does a new railroad coal car cost ?,NUM,
230,What two European countries entered the War of American Independence against the British ?,LOC,
231,What is the filmmakers collabrative ?,DESC,
232,What Russian composer 's Prelude in C Sharp Minor brought him fame and fortune ?,HUM,
233,What caused Harry Houdini 's death ?,DESC,
234,Who was the mother of the man who would not be king ,HUM,
235,How many revolutions does a standard LP make in three minutes ?,NUM,
236,What is the name of the tallest mountain in the world ?,LOC,
237,Where can I find a review of Nightmare on Elm Street in a film journal ?,LOC,
238,What 's the slowest Olympic swimming stroke ?,ENTY,
239,What was the name of the first Russian astronaut to do a spacewalk ?,HUM,
240,What disease is transmitted by the Anopheles mosquito ?,ENTY,
241,What rum is so `` mixable '' it is a one-brand bar ?,ENTY,
242,How many South American countries have the letter Z in their names ?,NUM,
243,What is the contents of proposition 98 ?,DESC,
244,Where was George Washington born ?,LOC,
245,How many people on the ground were killed from the bombing of Pan Am Flight 103 over Lockerbie ,NUM,
246,Who wrote NN DT NNP NNP '' ?,HUM,
247,What is paracetamol ?,DESC,
248,What are the powers and weaknesses of Green Lantern 's ring ?,DESC,
249,Which mosquito 's bite draws blood ,ENTY,
250,When was the first steel mill in the United States built ?,NUM,
251,What diminutive American female gymnast stole the show at the 1984 Olympics ?,HUM,
252,What is the origin of the name Katie ?,DESC,
253,What schools in the Washington ,HUM,
254,When did the Berlin Wall go up ?,NUM,
255,Who is Terrence Malick ?,HUM,
256,What instrument is Ray Charles best known for playing ?,ENTY,
257,What 's the meaning of the Latin battle cry : Ad arma ,DESC,
258,What is the mascot for Notre Dame University ?,ENTY,
259,What Las Vegas hotel burned in November ,LOC,
260,When did Mount St. Helen last have a significant eruption ?,NUM,
261,CNN is the abbreviation for what ?,ABBR,
262,When did World War I start ?,NUM,
263,How many feet are there in a fathom ?,NUM,
264,What is a Canada two-penny black ?,DESC,
265,What European city do Nicois live in ?,LOC,
266,How can I find out what year a Beanie Baby was introduced ?,DESC,
267,What is the classic definition of tragic hero ?,DESC,
268,To what does Microsoft 's Windows 3 owe its success ?,ENTY,
269,Who was President of Afghanistan in 1994 ?,HUM,
270,What are other ways of getting stretch marks besides pregnancy ,ENTY,
271,What did brontosauruses eat ?,ENTY,
272,What color bottles do good Rhine wines come in ?,ENTY,
273,Who was the lead actress in the movie ` Sleepless in Seattle ' ?,HUM,
274,Who was the 16th President of the United States ?,HUM,
275,Who are the two sons of Ozzie and Harriet Nelson ?,HUM,
276,What is molybdenum ?,DESC,
277,When is Boxing Day ?,NUM,
278,What is the lowest level of the American judiciary ?,ENTY,
279,When was the battle of the Somme fought ?,NUM,
280,How many people did Randy Craft kill ?,NUM,
281,What 's the official animal of Canada ?,ENTY,
282,When did Spielberg direct `` Jaws '' ?,NUM,
283,What is the size of the largest akita ?,NUM,
284,What animal has the biggest eyes ?,ENTY,
285,What is California 's capital ?,LOC,
286,Who was the author of the book about computer hackers called `` The Cuckoo 's Egg : Tracking a Spy Through the Maze of Computer Espionage '' ?,HUM,
287,Who was the founding member of the Pink Floyd band ?,HUM,
288,What European country is home to the beer-producing city of Budweis ?,LOC,
289,How do I find the balance of my social security account ?,DESC,
290,What is the history of Valentine 's Day cards ?,DESC,
291,Where was Christopher Columbus born ?,LOC,
292,What do Italians call Florence ?,ENTY,
293,How do you get to the top of the Eiffel Tower ?,DESC,
294,What does ` PSI ' stand for ?,ABBR,
295,What sea did the Romans call mare nostrum ?,LOC,
296,What 's the term for a bet before cards are dealt ?,ENTY,
297,Which came first ,ENTY,
298,What city did the Flintstones live in ?,LOC,
299,What is Latin for incompetent ?,ENTY,
300,What chemicals are used in lethal injection ?,ENTY,
301,What toy company is the world 's No.1 maker of female apparel ?,HUM,
302,What board game does a `` wood-pusher '' play poorly ?,ENTY,
303,Which Doonesbury character was likely to turn into a werewolf ?,HUM,
304,What is the abbreviation for micro ?,ABBR,
305,What are the 7 articles of the constitution ?,ENTY,
306,Who has won the most Super Bowls ?,HUM,
307,What does NASDAQ stand for ?,ABBR,
308,What is BPH ?,ABBR,
309,What is the fastest commercial automobile that can be bought in the US ?,ENTY,
310,What stadium do the Miami Dolphins play their home games in ?,LOC,
311,Who has the only speaking role in `` Silent Movie '' ?,HUM,
312,Why is poop sometimes different colors ?,DESC,
313,What was Einstein 's IQ ?,NUM,
314,What day was Pearl Harbor attacked in 1942 ?,NUM,
315,What girl 's name is `` Teddy '' an affectionate form of ?,HUM,
316,What state is John F. Kennedy buried in ?,LOC,
317,What is the best way to remove wallpaper ?,ENTY,
318,What U.S. state has an element named for it ?,LOC,
319,What company tabulates the ballots in voting for the Academy Awards ?,HUM,
320,How did the tradition of best man start ?,DESC,
321,How many years ago did the ship Titanic sink ?,NUM,
322,What is the deepest area of the Arctic Ocean ?,LOC,
323,What are Halloween 's colors ?,ENTY,
324,How is silk screening done ?,DESC,
325,What is the latitude and longitude of El Paso ,NUM,
326,Who made a boat out of gopher wood ?,HUM,
327,Where can I find a `` Fifth Element '' screensaver ?,LOC,
328,Which Bloom County resident wreaks havoc with a computer ?,HUM,
329,How do you match a name to a social security number ?,DESC,
330,How does a rainbow form ?,DESC,
331,What is the normal resting heart rate of a healthy adult ?,NUM,
332,What is the population of Ohio ?,NUM,
333,How many calories are there in a Big Mac ?,NUM,
334,Hazmat stands for what ?,DESC,
335,What creature scares people in the film `` Jaws '' ?,ENTY,
336,What part did John Peter Zenger play in the deveopment of the newspaper in America ?,HUM,
337,Who followed Caesar ?,HUM,
338,What are the four elements ?,ENTY,
339,Who was the first woman golfer to earn a million ?,HUM,
340,What 's the tallest piece on a chessboard ?,ENTY,
341,What is Answers.com 's address ?,LOC,
342,Where can I buy movies on videotape online ?,LOC,
343,Who does the advertizing for Frito-Lay ?,HUM,
344,Who is the leading competitor of Trans Union Company ?,HUM,
345,What product did Robert Conrad dare people to knock off his shoulder ?,ENTY,
346,Who invented the radio ?,HUM,
347,What 's the American dollar equivalent for 8 pounds in the U.K. ?,NUM,
348,What are the different approaches of systems analysis ?,ENTY,
349,How do doctors diagnose bone cancer ?,DESC,
350,Who is the man behind the pig-the man who pulls the strings and speaks for Miss Piggy ?,HUM,
351,What is the speed of the Mississippi River ?,NUM,
352,What are the developmental stages of a swimmer ?,ENTY,
353,What actor first portrayed James Bond ?,HUM,
354,What ocean is the largest in the world ?,LOC,
355,Who was the first American poet to win the Nobel Prize for literature ,HUM,
356,What year did Jack Nicklaus join the Professional Golfers Association tour ?,NUM,
357,How many sonnets did Shakespeare write ?,NUM,
358,What causes the redness in your cheeks when you blush ?,DESC,
359,Who won the Nobel Peace Prize in 1991 ?,HUM,
360,Who are the Challengers of the Unknown ?,HUM,
361,Define the Pheonix Club ?,DESC,
362,Which city did Christian Crusaders fight to recapture from the Muslims ?,LOC,
363,What does it mean `` Rupee Depreciates '' ?,DESC,
364,What gaming devices were dubbed `` Mississippi marbles '' and `` Memphis dominoes '' ?,ENTY,
365,Who was the first coach of the Cleveland Browns ?,HUM,
366,How successful is arometherapy ?,DESC,
367,What Jewish holiday saw the start of the 1973 Mideast War ?,ENTY,
368,How does a copier work ?,DESC,
369,What is the speed of the Mississippi River ?,NUM,
370,Who said of Super Bowl III in 1969 : `` We 'll win- I guarantee it '' ?,HUM,
371,What is Dudley Do-Right 's horse 's name ?,ENTY,
372,Who declared : `` I am down on whores and I shan 't stop ripping them '' ?,HUM,
373,Where does chocolate come from ?,LOC,
374,What TV game show once saw a contestant admit to picking his toes in the shower ?,ENTY,
375,What Soviet leader owned a Rolls-Royce ?,HUM,
376,Where can I find a case on Individuals with Disabilities Education Act of 1991 ?,LOC,
377,What war did Florence Nightingale tend the troops in ?,ENTY,
378,Who wrote the song ,HUM,
379,How many Beatles ' records went #1 ?,NUM,
380,Who is the only prime minister of Canada to serve 22 years but not necessarily consecutively ?,HUM,
381,What is the abbreviation of the company name ` General Motors ' ?,ABBR,
382,What mountains lie between the Arkansas and Missouri rivers ?,LOC,
383,Who received the Will Rogers Award in 1989 ?,HUM,
384,What is the function of RAM ?,DESC,
385,What 's the closest G2 Spectrum Yellow Dwarf to Earth ?,LOC,
386,How many equal angles are there in an isosceles triangle ?,NUM,
387,What is the fear of cockroaches called ?,ENTY,
388,What CBS soap opera was interrupted by the bulletin of John F. Kennedy 's assassination ?,ENTY,
389,What is the use of a 24-hour clock instead of a 12-hour clock ?,DESC,
390,What was the name of the lawyer who represented Randy Craft ?,HUM,
391,What United States President had dreamed that he was assassinated ?,HUM,
392,What film did Lee Marvin win the 1965 best actor Oscar for ?,ENTY,
393,Where is Basque country located ?,LOC,
394,What product does `` Mrs. Olsen '' promote ?,ENTY,
395,What time of day did Emperor Hirohito die ?,NUM,
396,What is dry ice ?,DESC,
397,What 's the most powerful card in Euchre ?,ENTY,
398,What does `` intractable plantar keratoma '' mean ?,DESC,
399,How many years did it take James Joyce to write Ulysses ?,NUM,
400,What crop failure caused the Irish Famine ?,ENTY,
401,What South Korean city is served by Kimpo International Airport ?,LOC,
402,How many types of dogs ' tails are there - three,NUM,
403,What is the longest-running television series ?,ENTY,
404,What predators exist on Antarctica ?,ENTY,
405,What is the difference between a generator and an alternator ?,DESC,
406,How is energy created ?,DESC,
407,What beer advertised that it had `` three rings '' ?,ENTY,
408,What is the quantity of American soldiers still unaccounted for from the Vietnam war ?,NUM,
409,What golfing accessory was patented by George Grant on December 12,ENTY,
410,What are the different types of plastic ?,ENTY,
411,How is it correct to say ` qigong ' ?,DESC,
412,What was the highest mountain on earth before Mount Everest was discovered ?,LOC,
413,Where was the Ligurian Republic ,LOC,
414,What country 's people are the top television watchers ?,LOC,
415,When was the women 's suffrage amendment ratified ?,NUM,
416,What Polynesian people inhabit New Zealand ?,HUM,
417,What movie tour of the Roman empire features the admonition : `` Row well and live '' ?,ENTY,
418,What Nevada center has been dubbed The Biggest Little City in the World ?,LOC,
419,What President lived at 219 North Delaware Street ,HUM,
420,Give a reason for American Indians oftentimes dropping out of school .,DESC,
421,Where must a soccer goalie stand to be permitted to handle the ball ?,LOC,
422,What is the difference between classical conditioning and operant conditioning ?,DESC,
423,In what U.S. state was the first woman governor elected ?,LOC,
424,What are some interesting facts and information about dogsledding ?,DESC,
425,What year did Hitler die ?,NUM,
426,What famous model was married to Billy Joel ?,HUM,
427,What kind of animal is Babar ?,ENTY,
428,What is Jane Goodall known for ?,DESC,
429,What killed Bob Marley ?,ENTY,
430,How much money are Dumbo 's ears insured for ?,NUM,
431,Who danced into stardom with Fred Astaire in 1941 's You 'll Never Get Rich ?,HUM,
432,Who is Stein Eriksen ?,HUM,
433,What does the name Billie mean ?,DESC,
434,Who is the fastest swimmer in the world ?,HUM,
435,What is the highest peak in Africa ?,LOC,
436,Where is Procter & Gamble headquartered in the U.S. ?,LOC,
437,What desert has been called The Garden of Allah ?,LOC,
438,What do bicornate animals have two of ?,ENTY,
439,What function does a community 's water tower serve ?,DESC,
440,What is a fear of weakness ?,ENTY,
441,How many miles is it to Ohio from North Carolina ?,NUM,
442,How much snow equals an inch of rain ?,NUM,
443,What does G.M.T. stand for ?,ABBR,
444,What does Inuit and Eskimo mean ?,DESC,
445,What song served as the closing theme of The Johnny Cash Show ?,ENTY,
446,What field sport did dentist William Beers promote and write a standard book of rules for ?,ENTY,
447,How do I tie dye clothes ?,DESC,
448,When does the average teenager first have intercourse ?,NUM,
449,Why doesn 't www.answers.com have any answers to my questions ?,DESC,
450,What actor 's autobiography is titled All My Yesterdays ?,HUM,
451,What Russian master spy lived in the U.S. under the name Emil Goldfus ?,HUM,
452,Where 's the 19th hole on a golf course ?,LOC,
453,What 's nature 's purpose for tornadoes ?,DESC,
454,Who played the original Charlie 's Angels ?,HUM,
455,Where can I find a person 's address from a telephone number ?,LOC,
456,What English word comes from the Old French covrefeu ,ENTY,
457,What musical instrument did Prewitt play in James Jones 's From Here to Eternity ?,ENTY,
458,Where did Sarge Steel get his metal hand ?,LOC,
459,What makes popcorn pop ?,DESC,
460,Who wrote The Night of the Iguana ?,HUM,
461,Where does your hair grow the fastest ?,ENTY,
462,What country did King Gustav V reign over from 197 to 195 ?,LOC,
463,Who painted Mother and Child ?,HUM,
464,What is the speed of the Mississippi River ?,NUM,
465,In what area of the world was the Six Day War fought ?,LOC,
466,What is the brightest star visible from Earth ?,LOC,
467,What film marked Robert Redford 's directorial debut ?,ENTY,
468,What was Mao 's second name ?,HUM,
469,What film or films has Jude Law appeared in ?,ENTY,
470,Where do hyenas live ?,LOC,
471,Who is the `` Queen Mother '' ?,HUM,
472,What 's the most commonly-spoken language in Belgium ?,ENTY,
473,Who has more DNA - a man or a woman ?,HUM,
474,What are Maid-Rites ?,DESC,
475,What children 's tale contains the line : `` Come ,ENTY,
476,What level of government or governmental agency is responsible for dealing with racism ?,HUM,
477,How many referees work a soccer game ?,NUM,
478,What cocktail do you concoct with whisky and sweet vermouth ?,ENTY,
479,How do you say `` fresh '' in Spanish ?,ENTY,
480,What do bee hives do in cranberry bogs ?,DESC,
481,What caused the Lynmouth floods ?,DESC,
482,When is the Tulip Festival in Michigan ?,NUM,
483,Who came up with the name ,HUM,
484,What movie did Madilyn Kahn star in with Gene Wilder ?,ENTY,
485,What type of bridge is the Golden Gate Bridge ?,ENTY,
486,What dictator has the nickname `` El Maximo '' ?,HUM,
487,What stereo manufacturer is `` Slightly ahead of its time '' ?,HUM,
488,What U.S. city is The Queen of the Pacific ?,LOC,
489,What TV sitcom character had the maiden name Ethel Potter ?,HUM,
490,What was the first Lifesaver flavor ?,ENTY,
491,Who kept the most famous diary in the English language ?,HUM,
492,Where can I find out the top 1 singles ?,LOC,
493,How many degrees cooler is the inside of a cucumber than the air outside ?,NUM,
494,What Spanish artist painted Crucifixion ?,HUM,
495,What is the Jewish bible called ?,ENTY,
496,Why is the grass green ?,DESC,
497,What is a firewall ?,DESC,
498,What spy novelist served as Moscow correspondent for Reuter and The Times of London ?,HUM,
499,Which oil company almost picked a word that meant `` stalled car '' in Japanese as its new international name ?,HUM,
500,How long does it take for Spider-Man 's web to evaporate ?,NUM,
501,Who was Randy Steven Craft 's lawyer ?,HUM,
502,What was known as the Spice Island ?,LOC,
503,Who was the first host of Person to Person ?,HUM,
504,Name the Ranger who was always after Yogi Bear .,HUM,
505,What deck of cards includes the Wheel of Fortune ,ENTY,
506,What does the Statue of Liberty wear on her feet ?,ENTY,
507,Who is the superstar in rent-a-cars ?,HUM,
508,McCarren Airport is located in what city ?,LOC,
509,What household facility contains a float ball ,ENTY,
510,What was the name of Betty Boop 's dog ?,ENTY,
511,What fraction of a beaver 's life is spent swimming ?,NUM,
512,What was the Bridge of San Luis Rey made of ?,ENTY,
513,What do economists do ?,DESC,
514,What country has the largest sheep population ?,LOC,
515,What do I need to do to take my dog with me to live in Dominica ,DESC,
516,What country is the world 's largest importer of cognac ?,LOC,
517,How many years is Johnnie Walker Black Label aged ?,NUM,
518,What does SIDS stand for ?,ABBR,
519,What is Grenada 's main commodity export ?,ENTY,
520,How much would a black-and-white 1-cent stamp be worth ,NUM,
521,What makes a clitoris sensitive ?,DESC,
522,What country has the most time zones ,LOC,
523,What `` magic '' does Mandrake employ ?,ENTY,
524,Who is the president of Stanford University ?,HUM,
525,Whose first presidential order was : `` Let 's get this goddamn thing airborne '' ?,HUM,
526,What was introduced commercially by Bayer A.G. of Leverkusen ,ENTY,
527,What city is Logan Airport in ?,LOC,
528,What is a nanometer ?,DESC,
529,How many innings are there in a regulation softball game ?,NUM,
530,When did CNN go on the air ?,NUM,
531,What is the largest city on the Great Lakes ?,LOC,
532,What is the telephone number for the University of Kentucky ?,NUM,
533,Who invented baseball ?,HUM,
534,How many wives did Brigham Young have ?,NUM,
535,What product on the market is good for hiding facial scars ?,ENTY,
536,How long is the Coney Island boardwalk ?,NUM,
537,What city gained renown for its pea-soup fogs ?,LOC,
538,What does `` Janelle '' mean ?,DESC,
539,How do I get another city 's newspaper ?,DESC,
540,Name a movie about the Sioux Indians starring Kevin Costner .,ENTY,
541,Who was shot in the back during a Poker game in Deadwood ,HUM,
542,What are the distinct physical characterstics of the Arabian horse ?,DESC,
543,What is a fear of thunder ?,ENTY,
544,What animal has killed the most people ?,ENTY,
545,How many colleges are in Wyoming ?,NUM,
546,What Russian seaport has a name meaning `` Lord of the East '' ?,LOC,
547,Where can stocks be traded on-line ?,LOC,
548,When was the Battle of Hastings ?,NUM,
549,What kind of file has the extension .dbf ?,ENTY,
550,When did Muhammad live ?,NUM,
551,What then-derogatory term was applied to the painters Monet ,ENTY,
552,What is a wop ?,DESC,
553,Where do rocks come from ?,DESC,
554,How do I stop background noise in a car stereo ?,DESC,
555,Where do people mountain climb in Nepal ?,LOC,
556,What is the best college in the country ?,HUM,
557,What is viscosity ?,DESC,
558,What was the name of the sitcom that Alyssa Milano starred in with Tony Danza ?,ENTY,
559,What are the Nordic nations ?,LOC,
560,Where on the Internet can I get information about the Fifth Amendment on the American Bill of Rights ?,LOC,
561,What U.S. state borders Illinois to the north ?,LOC,
562,Name a film in which Jude Law acted .,ENTY,
563,What is the temperature for baking Peachy Oat Muffins ?,NUM,
564,What is a fear of bees ?,ENTY,
565,What Vladimir Nabokov novel features Professor Humbert in love with a 12-year-old girl ?,ENTY,
566,What is a green bog ?,DESC,
567,Where did the myth of Santa Claus originate ?,LOC,
568,What does a chairbound basophobic fear ?,ENTY,
569,What city is served by Logan International Airport ?,LOC,
570,What wrestling star became `` The Incredible Hulk '' ?,HUM,
571,What attracts tourists to Reims ?,LOC,
572,What game do Steve McQueen and Edward G. Robinson play in The Cincinnati Kid ?,ENTY,
573,What fastener did Whitcomb Judson patent in 1893 ?,ENTY,
574,What 's an auberge in France ?,DESC,
575,Who was the star of the 1965 Broadway hit Golden Boy ?,HUM,
576,Where is Procter & Gamble based in the U.S. ?,LOC,
577,What army was founded by William Booth and his wife Catherine ?,HUM,
578,What does ribavirin consist of ?,ENTY,
579,Name the soft drink that is `` number one in the sun . '',ENTY,
580,What is the web address of the list of e-mail addresses of members of the House of Representatives ?,LOC,
581,What was her real name ?,HUM,
582,Why are the ears your center of balance ?,DESC,
583,Who invented the toothbrush ?,HUM,
584,What was the name of that popular song the Creeps sang ?,ENTY,
585,Where is the Abominable Snowman said to wander ?,LOC,
586,What is a fear of being alone ?,ENTY,
587,How many dots make up the symbol for `` because '' ?,NUM,
588,What do you get by adding Lactobacillus bulgaricus to milk ?,ENTY,
589,When reading classified ads ,ABBR,
590,How many hearts does an octopus have ?,NUM,
591,What plant has the largest seed ?,ENTY,
592,What was the only country you were allowed to drive into Israel from in 1979 ?,LOC,
593,What 's approaching when a cyclist shouts : `` Oil '' ?,ENTY,
594,What baseball star turned down a $1 ,HUM,
595,What kind of sport is often associated with hooligans ?,ENTY,
596,What video game hero do some of his fans call Chomper ?,HUM,
597,How many holes are there in a tenpin bowling ball ?,NUM,
598,What is the longest word in the English language ?,ENTY,
599,In What city or state do the most gay men live in ?,LOC,
600,What TV comediennes 's characters include former movie star Nora Desmond ,HUM,
601,What is `` the bear of beers '' ?,ENTY,
602,Name the operating system that runs on IBM-compatible machines .,ENTY,
603,What does the name `` Justin '' mean ?,DESC,
604,What percentage of the body is muscle ?,NUM,
605,What color of dry wine should be served with veal roasts and chops ?,ENTY,
606,What is a golf ball made of ?,ENTY,
607,What is the Amish religion ?,DESC,
608,What does an average daycare provider get paid in New England ?,NUM,
609,What was the name of the 187s Irish terrorist group in Pennsylvania mining areas ?,HUM,
610,Who played the Ringo Kid in the 1939 film Stagecoach ?,HUM,
611,Who died 1 feet from where John F. Kennedy did ?,HUM,
612,What is the `` coppertop '' battery ?,DESC,
613,What sign is The Water Carrier the zodiacal symbol for ?,ENTY,
614,What animals do you find in the stock market ?,ENTY,
615,What is color ?,DESC,
616,When is the site www.questions.com going to open ?,NUM,
617,What did Shostakovich write for Rostropovich ?,ENTY,
618,What first name was Nipsy Russell given at birth ?,HUM,
619,How can I get some free technical information on Electric Vehicle ?,DESC,
620,Who is the youngest of the Beatles ?,HUM,
621,How did shipyard inspector James J. Kilroy designate equipment as being satisfactory ?,DESC,
622,What is a Jellicle Cat ?,DESC,
623,Where can I find the best free evidence for debate about Russia ?,LOC,
624,What is Bill Gates of Microsoft E-mail address ?,LOC,
625,What is the second hardest substance ?,ENTY,
626,Why did several San Diego schools stop serving apples to students ?,DESC,
627,What Russian city boasts the Hermitage Museum ?,LOC,
628,When is Bastille Day ?,NUM,
629,What makes a tornado turn ?,DESC,
630,How many shots can a stock M16 hold ?,NUM,
631,What two colors are you blind to if you suffer from protanopia ?,ENTY,
632,Why do n't you guys have some sort of contest where you ask a question and whoever finds the answers wins a prize ?,DESC,
633,Who is Coronado ?,HUM,
634,What was the name of the movie that starred Sharon Stone and Arnold Schwarzenegger ?,ENTY,
635,What is artificial intelligence ?,DESC,
636,What do flatfish eat ?,ENTY,
637,Who was the first Holy Roman Emperor ?,HUM,
638,What can I use to remove the stubborn gummed labels from some diskettes ?,ENTY,
639,What day of the week sees the most fatal car accidents ?,NUM,
640,What is the origin of the word ,DESC,
641,What sport do you shag flies in ?,ENTY,
642,What is white chocolate ?,DESC,
643,Where is Trinidad ?,LOC,
644,Name the organization that is presided by a Security Council .,HUM,
645,Who graced the airwaves with such pearls as `` Do ya lo-o-ove me ? Get naked ,HUM,
646,What kind of wine is Spumante ?,ENTY,
647,Who portrayed portly criminologist Carl Hyatt on Checkmate ?,HUM,
648,How do you say I love you in Spanish ?,ENTY,
649,What does the name Gina mean ?,DESC,
650,What is the most advanced handheld calculator in the world ?,ENTY,
651,How fast is light ?,NUM,
652,What is the belt of low pressure around the equator called ?,ENTY,
653,What are shooting stars ?,DESC,
654,Whom did the Chicago Bulls beat in the 1993 championship ?,HUM,
655,When was the first American encyclopedia published ?,NUM,
656,What 's the tallest building in New York City ?,LOC,
657,How is Easter Sunday 's date determined ?,DESC,
658,What is the Motto for the State of Maryland ?,DESC,
659,Who is Desmond Tutu ?,HUM,
660,Where can I find information on the Narragansett Indians and other tribes in Rhode Island ?,LOC,
661,Name a tiger that is extinct .,ENTY,
662,How many quarters equal a pound ?,NUM,
663,What kind of books does Fodor 's publish ?,ENTY,
664,What are the first names of Rowan and Martin ,HUM,
665,What chapter of the Bible has the most verses ?,NUM,
666,Who is the worst US President ever ?,HUM,
667,What Asian leader was known as The Little Brown Saint ?,HUM,
668,What is the abbreviated expression for the National Bureau of Investigation ?,ABBR,
669,How fast does the fastest car go ?,NUM,
670,What is the highest mountain in the world ?,LOC,
671,What arch can you see from the Place de la Concorde ?,LOC,
672,Who sings the song `` Drink to me with thine eyes '' by Ben Johnson ?,HUM,
673,How long should a person wash their hands before they are clean ?,NUM,
674,Which way do you turn your Bic to increase the flame - clockwise or counterclockwise ?,LOC,
675,Which is the wealthiest country in the world ?,LOC,
676,How can I find a phone number of someone if I only know their email address ?,DESC,
677,How can you contact play producers and promoters on-line ?,DESC,
678,Who is the monarch of the United Kingdom ?,HUM,
679,What is a fear of passing high objects ?,ENTY,
680,What do players try to do when the music stops in a game of musical chairs ?,DESC,
681,What are the top ten most common girl names in the US ?,HUM,
682,Why is black the color of mourning in the West ?,DESC,
683,What is the rarest coin ?,ENTY,
684,What Judith Rossner novel was made into a film starring Diane Keaton ?,ENTY,
685,Which country is Australia 's largest export market ?,LOC,
686,Where is the Kentucky Horse Park located ?,LOC,
687,What is a fear of parasites ?,ENTY,
688,In what Olympic Games did Nadia Comaneci become popular ?,ENTY,
689,Who does data collection in tourism ?,HUM,
690,What was the name of the daughter of the Virginia chief Powhatan that married John Rolfe ?,HUM,
691,What is the leading pecan and peanut growing state ?,LOC,
692,What does a nihilist believe in ?,DESC,
693,What did Richard Feynman say upon hearing he would receive the Nobel Prize in Physics ?,DESC,
694,In what sport are these following numbers relevant : 118 ,ENTY,
695,Who were the four famous founders of United Artists ?,HUM,
696,What 2 statues did France give to other countries ?,ENTY,
697,What are amphibians ?,DESC,
698,How many sperm cells are in an average ejaculation ?,NUM,
699,Name the disposable razor that `` costs about 19 cents . '',ENTY,
700,How far do you have to run if you hit a home run ?,NUM,
701,Who was the only U.S. President to wear a Nazi uniform ?,HUM,
702,Woodrow Wilson served as president of what university ?,HUM,
703,Where are the tropical rain forest distributions ?,LOC,
704,What 's the nickname of oddsmaker Jimmy Snyder ?,HUM,
705,What is the fear of being loved ?,ENTY,
706,What was the number of people that Randy Steven Craft was convicted of killing ?,NUM,
707,What was Queen Victoria 's title regarding India ?,HUM,
708,How is a hydrogen bomb different from a nuclear bomb ?,DESC,
709,How far can a man travel in outer space ?,NUM,
710,Where was Lincoln assassinated ?,LOC,
711,What type of food makes you fat ?,ENTY,
712,What is the name of the chronic neurological autoimmune disease which attacks the protein sheath that surrounds nerve cells causing a gradual loss of movement in the body ?,ENTY,
713,What was the U.S. highway death toll in 1969 ?,NUM,
714,What kind of animals are Dorsets ,ENTY,
715,What are the shortest and the longest songs ever produced ?,ENTY,
716,What letter is to the right of K on a typewriter keyboard ?,ENTY,
717,What is the origin and the meaning of the name ,DESC,
718,What is the plural of gulf ?,ENTY,
719,Whose autobiography is titled Yes I Can ?,HUM,
720,What year did the United States pass the Copyright law ?,NUM,
721,What percentage of Americans own their homes ?,NUM,
722,What 's the first day of the week ?,NUM,
723,What city was President William McKinley shot in ?,LOC,
724,What city has the world 's longest subway system ?,LOC,
725,Who claimed he killed 4 ,HUM,
726,What is Bombay duck ?,DESC,
727,How many degrees cooler is the inside of a cucumber than the air outside ?,NUM,
728,What double talking `` professor '' holds a doctorate in Nothing ?,HUM,
729,What are the five most expensive cities in the world ?,LOC,
730,What 19th-century writer had a country estate on the Hudson dubbed Sunnyside ?,HUM,
731,How many layers of yellow paint is a Faber Mongol pencil lucky enough to be sprayed with ?,NUM,
732,What is a virtual IP address ?,DESC,
733,What was the name of the cook on Rawhide ?,HUM,
734,What county is Chicago in ?,LOC,
735,What is the wingspan of a condor ?,NUM,
736,What facial feature typically contains about 55 hairs ?,DESC,
737,Who was named Admiral of the Ocean Seas and Viceroy and Governor General of all the islands he might discover ,HUM,
738,How can I transport files from one computer to another ?,DESC,
739,What 's the literary term for a play on words ?,ENTY,
740,What color were their horses ?,ENTY,
741,What does an average daycare provider get paid in New England ?,NUM,
742,What author landed a 468-pound marlin without harness in the early 193 's ?,HUM,
743,How many Americans fought for the British in the American Revolution ?,NUM,
744,What kind of education do I need to become a flight attendant ?,ENTY,
745,What are the two languages of Malta ?,ENTY,
746,How many oceans are there and name them ?,NUM,
747,What happened during the Blackhawk Indian war of 1832 ?,DESC,
748,How many pairs of legs does a lobster have ?,NUM,
749,What does the Latin ante mortem mean ?,DESC,
750,What does the name Shawn mean ?,DESC,
751,Where is the Danube ?,LOC,
752,What lawyer won the largest divorce settlement ,HUM,
753,What do you call a group of geese ?,ENTY,
754,Who delivered his last newscast on March 6 ,HUM,
755,How many times has `` Louie ,NUM,
756,How is Answers.com different from KnowPost.com ?,DESC,
757,What is the longest place name in the U.S. ?,LOC,
758,What percent liked Thatcher after she had been in power for a decade ?,NUM,
759,Where does Buzz Aldrin want to build a permanent ,LOC,
760,What was Mel Gibson 's first movie ?,ENTY,
761,Why was the L.A. office of Shea and Gould closed ?,DESC,
762,How do I start a bank ?,DESC,
763,How do Ouija Boards work ?,DESC,
764,What horse did Zorro ride ?,ENTY,
765,How do you get a broken cork out of a bottle ?,DESC,
766,Where can I find correct tabs for Third Eye Blind songs ?,LOC,
767,How do you determine heating requirements for your home ?,DESC,
768,What former major-league left-handed baseball pitcher was known as `` Space Man '' ?,HUM,
769,Which hair care product told us `` hate that gray ,ENTY,
770,Why did the chicken cross the road ?,DESC,
771,What was Michelangelo 's last name ?,HUM,
772,Who is Barbara Jordan ?,HUM,
773,Who was the Democratic nominee in the American presidential election ?,HUM,
774,What was Connecticut 's first constitution called ?,ENTY,
775,What historical event happened in Dogtown in 1899 ?,ENTY,
776,What is being done about the millennium bug ?,DESC,
777,What was the claim to fame of King Camp Gillette ?,DESC,
778,What is the most common kind of skin cancer in the U.S. ?,ENTY,
779,What is Olestra ?,DESC,
780,What Asian country has a bill of rights for cows ?,LOC,
781,How many fingers are used to draw a bow ?,NUM,
782,What are two plants that clothes are made from ?,ENTY,
783,When was Hurricane Hugo ?,NUM,
784,What is the most heavily caffeinated soft drink ?,ENTY,
785,What President-to-be was the first member of Congress to enlist following the attack on Pearl Harbor ?,HUM,
786,What was the price of Varian Associates ' vacuum products division ?,NUM,
787,When was `` the Great Depression '' ?,NUM,
788,What language is mostly spoken in Brazil ?,ENTY,
789,What college produced the most winning Super Bowl quarterbacks ?,HUM,
790,How do you solve `` Rubik 's Cube '' ?,DESC,
791,What is prepared mustard ?,DESC,
792,What classical Spanish writer warned : `` All that glitters is not gold '' ?,HUM,
793,What does `` antidisestablishmentarianism '' mean ?,DESC,
794,What actor married John F. Kennedy 's sister ?,HUM,
795,What does a topophobic actor suffer from ?,ENTY,
796,Who fired Maria Ybarra from her position in San Diego council ?,HUM,
797,The italian artist ,NUM,
798,What type of hunting are retrievers used for ?,ENTY,
799,What is Colin Powell best known for ?,DESC,
800,Who was the first black golfer to tee off in the Masters ?,HUM,
801,What city is the setting for Puccini 's opera La Boheme ?,LOC,
802,What U.S. President showed a fondness for munching on bee pollen bars ?,HUM,
803,What is measured in curies ?,DESC,
804,Whose cover is that of an employee of Universal Import and Export ?,HUM,
805,What former president 's daughter has written a book titled Murder in the White House ?,HUM,
806,What fictional character is known as the `` melancholy Dane '' ?,HUM,
807,Italy is the largest producer of what ?,ENTY,
808,What longtime game show host dropped dead while jogging in Central Park in 1984 ?,HUM,
809,What is the meaning of W.B. Yeat 's poem ,DESC,
810,Who were the `` filthiest people alive ? '',HUM,
811,What infectious disease is the world 's deadliest ?,ENTY,
812,What is Spumante ?,DESC,
813,In what year did Ireland elect its first woman president ?,NUM,
814,What is an isthmus ?,DESC,
815,What was the name of the orca that died of a fungal infection ?,ENTY,
816,Where is Mozambique located ?,LOC,
817,What is Mississippi 's state animal ?,ENTY,
818,What 's the origin of the word ` news ' ?,DESC,
819,What did Dan Aykroyd and John Belushi quit Saturday Night Live to become ?,ENTY,
820,How many months does a normal human pregnancy last ?,NUM,
821,How do fuel injectors work ?,DESC,
822,How can your school march in the Macy 's Thanksgiving Parade ?,DESC,
823,What is the real name of disc jockey `` Wolfman Jack '' ?,HUM,
824,What Italian liner was hijacked in 1985 ?,ENTY,
825,What city houses the U.S. headquarters of Procter and Gamble ?,LOC,
826,What soap was touted as being `` for people who like people '' ?,ENTY,
827,How much was the minimum wage in 1991 ?,NUM,
828,What does NAFTA stand for ?,ABBR,
829,Who invented silly putty ?,HUM,
830,What new middle school was built in Philadelphia ,HUM,
831,Who patented the first phonograph ?,HUM,
832,What are some tips for building a fire in a fireplace ?,ENTY,
833,What do manatees eat ?,ENTY,
834,How do you say 2 in Latin ?,ENTY,
835,What were popular songs and types of songs in the 1920s ?,ENTY,
836,How many Vietnamese were there in the Soviet Union ?,NUM,
837,What is November 's birthstone ?,ENTY,
838,What is a Certified Nurse Midwife ?,DESC,
839,On average ,NUM,
840,Who created private detective Philip Marlowe ?,HUM,
841,What Boris Pasternak book sold 5 ,ENTY,
842,What is the origin of the expression `` tout de suite '' ?,DESC,
843,What is the longest English word ?,ENTY,
844,What is the purpose of a car bra ?,DESC,
845,What is D.B. Cooper known for ?,DESC,
846,Who is Colin Powell ?,HUM,
847,What species is a colt ?,ENTY,
848,What is the full name of the PLO ?,ABBR,
849,What is the smallest country in Africa ?,LOC,
850,Who coined the term NN cyberspace `` in his novel NN Neuromancer '' ?,HUM,
851,What age followed the Bronze Age ?,ENTY,
852,What is her profession ?,HUM,
853,What is the full name of the man who invented the multicolored game cube that has 42.3 quintillion potential combinations ?,HUM,
854,What does the word LASER mean ?,ABBR,
855,What does the name `` Anthony '' mean ?,DESC,
856,Who was Lauren Bacall 's first husband ?,HUM,
857,What is a rhomboideus minor ?,DESC,
858,How many hands does Bjorn Borg use when hitting his forehand ?,NUM,
859,How many people died on D-Day ?,NUM,
860,What U.S. Congressman said : `` Keep the faith ,HUM,
861,Who created the character of Scrooge ?,HUM,
862,What is the student population at the University of Massachusetts in Amherst ?,NUM,
863,Where is Windsor Castle ?,LOC,
864,When did the Dow first reach ?,NUM,
865,Why were people recruited for the Vietnam War ?,DESC,
866,What party was Winston Churchill a member of ?,HUM,
867,What American League baseball team 's worst finish between 1926 and 1964 was fourth ?,HUM,
868,Where can I find the names of all the 15 Pokemon ?,LOC,
869,What state does Martha Stewart live in ?,LOC,
870,Which killer whale died at Sea World of a fungal infection ?,ENTY,
871,What are the Benelux countries ?,LOC,
872,Where 's the Petrified Forest ?,LOC,
873,What is a language spoken by the Sioux ?,ENTY,
874,Where is Tornado Alley ?,LOC,
875,Who was the author of `` John Brown 's Body '' ?,HUM,
876,What American poet wrote : `` Good fences make good neighbors '' ?,HUM,
877,What state in the U.S. has the most blacks ?,LOC,
878,Why are electric cars less efficient in the northeast than in California ?,DESC,
879,What was the occupation of Mandy Rice-Davies ?,HUM,
880,What is the city in which Maurizio Pellegrin lives called ?,LOC,
881,Who painted the Sistine Chapel ?,HUM,
882,Name the various costumed personas of Dr. Henry Pym .,HUM,
883,What breed of dog was the `` Little Rascals '' dog ?,ENTY,
884,What are the living conditions in Cuba ?,DESC,
885,What color are school buses ?,ENTY,
886,What is the oldest website on the Internet ?,LOC,
887,What events happened January 26 ,ENTY,
888,What explorers followed Columbus to the Americas ?,HUM,
889,Who is actress Goldie Hawn 's current actor boyfriend ?,HUM,
890,Who banned Peter Rose from baseball for betting on games ?,HUM,
891,What are the seven virtues ?,DESC,
892,What other name were the `` Little Rascals '' known as ?,ENTY,
893,When was the San Francisco fire ?,NUM,
894,What is a fear of food ?,ENTY,
895,How many casinos are in Atlantic City ,NUM,
896,What year did the Vietnam War end ?,NUM,
897,What are the names of Richard Nixon 's two daughters ?,HUM,
898,What 's the word for broken glass or sharp rocks embedded in cement on top of a wall ?,ENTY,
899,What is the chromosome number of an elephant ?,NUM,
900,What organization was founded by the Rev. Jerry Falwell ?,HUM,
901,What 's the longest river in the world ?,LOC,
902,Which soft drink does Madonna advertise for ?,ENTY,
903,What company is being bought by Yahoo and how much is the deal worth ?,HUM,
904,When was Berlin 's Brandenburg gate erected ?,NUM,
905,How many double-word-score spaces are there on a Scrabble Crossword Game board ?,NUM,
906,What year did Germany sign its nonaggression pact with the Soviet Union ?,NUM,
907,What mountain range is traversed by the highest railroad in the world ?,LOC,
908,Why were the American soldiers in WWI called `` Doughboys '',DESC,
909,Who was nicknamed The Little Corporal ?,HUM,
910,How many CDs has Garth Brooks sold ?,NUM,
911,Name the vessel used by the Atari Force in the DC comics .,ENTY,
912,Where are the leading medical groups specializing in lung diseases ?,LOC,
913,How can I find online spelling ,DESC,
914,What 's the sacred river of India ?,LOC,
915,What is Stefan Edberg 's native country ?,LOC,
916,What is the only gland in humans that can regenerate itself ?,ENTY,
917,How many Gutenberg Bibles are there ?,NUM,
918,Name the largest country in South America .,LOC,
919,What astronomical phenomenon takes place in Jan. 1999 ?,ENTY,
920,What information can you get me on Fairground Park in St. Louis,DESC,
921,What was American folk hero John Chapman 's nickname ?,HUM,
922,What is the difference between a median and a mean ?,DESC,
923,What was the top box office movie in April 1998 ?,ENTY,
924,What makes thunder ?,DESC,
925,What author did photographer Yousuf Karsh call `` the shiest man I ever met '' ?,HUM,
926,Which is the largest clock ,ENTY,
927,What plant is rum made from ?,ENTY,
928,What country are Godiva chocolates from ?,LOC,
929,Name the poet of the poem which begins : I do not know much about gods , but I think that the river Is a strong brown god-sullen ,HUM
930,Which condiment was once sold as a patent medicine ?,ENTY,
931,What U.S. state records the least rainfall ?,LOC,
932,Why did the world enter a global depression in 1929 ?,DESC,
933,What was archy ,DESC,
934,What Texas city got its name from the Spanish for `` yellow '' ?,LOC,
935,What are the chemicals used in glowsticks ?,ENTY,
936,What country did the Nile River originate in ?,LOC,
937,What color are tennis balls ?,ENTY,
938,What barroom judge called himself The Law West of the Pecos ?,HUM,
939,What excuse did the NATO people give for hitting the Chinese embassy ?,DESC,
940,Who was President of Costa Rica in 1994 ?,HUM,
941,What sports event is Meyer Wolfsheim supposed to have fixed in The Great Gatsby ?,ENTY,
942,What country has the best defensive position in the board game Diplomacy ?,LOC,
943,What two countries share the Khyber Pass ?,LOC,
944,Who was chairman of the Senate select committee that tried to get to the bottom of Watergate ?,HUM,
945,What is the origin of the surname of Braun ?,DESC,
946,What card game has variations called Canfield ,ENTY,
947,What is Australia Day ?,DESC,
948,What mammal of North America is the world 's longest-lived for its size ?,ENTY,
949,What was the Chivington Massacre ?,DESC,
950,What actor starred in 1980 's Blue Lagoon ,HUM,
951,How many home runs did Lou Gehrig have during his career ?,NUM,
952,In what city is the headquarters of Sinn Fein ?,LOC,
953,Where can I find information on George Bush ?,LOC,
954,Who is the voice of Miss Piggy ?,HUM,
955,What is the dialogue circle in cartoons called ?,ENTY,
956,What does the word camaro mean ,DESC,
957,Who replaced Bert Parks as the host of The Miss America Pageant ?,HUM,
958,How many boys play the game in Winslow Homer 's 1872 painting Snap the Whip ?,NUM,
959,What is the AIM-54C Phoenix ?,DESC,
960,When are sheep shorn ?,NUM,
961,What sport is Chris Jogis a top player of ?,ENTY,
962,What 's the second-largest island in the world ?,LOC,
963,What is the definition of low island ?,DESC,
964,What century does Captain Video live in ?,NUM,
965,What types of water pollution are there ?,ENTY,
966,How many astronauts manned each Project Mercury flight ?,NUM,
967,What soft drink would provide me with the biggest intake of caffeine ?,ENTY,
968,What 's the name of a golf course in Myrtle Beach ?,ENTY,
969,What are some of the significant historical events of the 1990s ?,ENTY,
970,Name the only extant trilogy of classical Greek plays .,ENTY,
971,Where is Logan Airport ?,LOC,
972,What is the difference between Neoclassical art and Romanticism art ?,DESC,
973,Who was the first person inducted into the U.S. Swimming Hall of Fame ?,HUM,
974,What golfer has been called Ohio Fats and Blobbo ?,HUM,
975,Who murdered Leno and Rosemary LaBianca on August 1,HUM,
976,What is the average cost for four years of medical school ?,NUM,
977,What does God create in the first sentence of the Bible ?,ENTY,
978,Which of the following men was not married to Rita Hayworth ?,HUM,
979,What is the current ticket fare from from Cairo to Barbados ?,NUM,
980,What does NN O `` mean when used as a prefix in Irish surnames ?,ABBR,
981,How do you find oxidation numbers ?,DESC,
982,What is the state nickname of Mississippi ?,LOC,
983,What is Black Hills ,DESC,
984,What 1966 boob tube bomb took astronauts back to prehistoric times ?,ENTY,
985,How many students attend the University of Massachusetts ?,NUM,
986,Who said ,HUM,
987,What holidays are celebrated in Ireland ?,ENTY,
988,Who portrayed Etta Place ,HUM,
989,What are the Greek numerals ?,DESC,
990,What 's the name of the temple that is located near the capital city of Laos ?,LOC,
991,What is a fear of sleep ?,ENTY,
992,What auto race was Wilbur Reed the first to win three times ?,ENTY,
993,What are the most common breeding birds in the U.S. ?,ENTY,
994,What was organized as a Confederate veterans ' social club in Pulaski ,ENTY,
995,How do you look up criminal records on the Internet ?,DESC,
996,Where is the actress ,LOC,
997,What is an example of an actual case of using the Fourteenth Amendment ?,DESC,
998,Who was the Charlie perfume woman ?,HUM,
999,Who portrayed `` Rosanne Rosanna-Dana '' on the television show `` Saturday Night Live '' ?,HUM,
1000,What singer became despondent over the death of Freddie Prinze ,HUM,
1001,When did Iraqi troops invade Kuwait ?,NUM,
1002,What was Mark Johnson referring to when he said : `` I still can 't believe it- we beat the Russians ? '',ENTY,
1003,What car was driven in the 199 release of `` Smokey and the Bandit '' ?,ENTY,
1004,What was the backup singing group for Roy Rogers ?,HUM,
1005,What famous singing cowboy owns the California Angels baseball team ?,HUM,
1006,What 1915 film was the first to gross $5 million ?,ENTY,
1007,Where did the term `` 86 '' come from ?,DESC,
1008,What causes someone to be ticklish ?,DESC,
1009,What is the probability that at least 2 out of 25 people will have the same birthday ?,NUM,
1010,How many Canadians emmigrate each year ?,NUM,
1011,Why did several San Diego schools remove apples from students menus ?,DESC,
1012,What musical instrument did Sherlock Holmes play ?,ENTY,
1013,Who was Gerald Ford 's vice president ?,HUM,
1014,What is `` the washed vodka '' ?,DESC,
1015,How many different languages are spoken in Europe ?,NUM,
1016,What year was Desmond Mpilo Tutu awarded the Nobel Peace Prize ?,NUM,
1017,What 's a `` Drinker respirator '' better known as ?,ENTY,
1018,Who invented batteries ?,HUM,
1019,Why do recipe books recommend starting with cold water when you boil something ?,DESC,
1020,Where can I buy a good snowboard for less than $200 ?,LOC,
1021,What title did Suzette Charles assume for two months in 1984 ?,HUM,
1022,What was the infamous pseudonym of Peter Sutcliffe ?,HUM,
1023,What is Smokey The Bear 's middle name ?,ENTY,
1024,What is Nicholas Cage 's occupation ?,HUM,
1025,What British TV series featured Emma Peel ?,ENTY,
1026,What London street is the home of British journalism ?,LOC,
1027,What tragedy befell the city of Dogtown in 1899 ?,ENTY,
1028,What is the Immaculate Conception ?,DESC,
1029,What are the names of all the U.S. Navy aircraft carriers ?,ENTY,
1030,What format was VHS 's main competition ?,ENTY,
1031,What is Candlemas Day ?,DESC,
1032,In what city is the famed St. Mark 's Square ?,LOC,
1033,What does the Ouarterly Review of Doublespeak call an `` inoperative statement '' ?,ENTY,
1034,How much did the minimum wage amount to in 1991 ?,NUM,
1035,Where is Tufts University ?,LOC,
1036,What is a pyrotechnic display ?,DESC,
1037,How do I find out about jobs ?,DESC,
1038,What Japanese manufacturer is known for both its pianos and its motorcycles ?,HUM,
1039,What is the chemical reactivity of argon ?,NUM,
1040,How many engines does a Boeing 737 have ?,NUM,
1041,What is the origin of the term `` The Brooklyn Side '' in bowling ?,DESC,
1042,What is a fear of being cold ?,ENTY,
1043,How long was Mao 's 1930s Long March ?,NUM,
1044,What net game sees its women 's world amateur champions receive the Uber Cup ?,ENTY,
1045,What four-legged creature did a Cornell University study say would make man 's best companion in space ?,ENTY,
1046,What does a teaspoon of matter weigh in a black hole ?,NUM,
1047,What did British companies stick 175 ,ENTY,
1048,What province is Edmonton located in ?,LOC,
1049,How can I find out how much income tax is paid on Social Security income on the 1998 income tax ?,DESC,
1050,Who did Sonny Liston succeed as world heavyweight boxing champion ?,HUM,
1051,What is California 's state bird ?,ENTY,
1052,What is Martin Luther King Jr. 's real birthday ?,NUM,
1053,Name the various super-teams to which the Angel has belonged .,HUM,
1054,How does Zatanna perform her magic in DC comics ?,DESC,
1055,What 's the name of Jacques Cousteau 's research ship ?,ENTY,
1056,What President dispatched a cruiser to carry Charles Lindbergh home after his epic flight ?,HUM,
1057,Whose video is titled Shape Up with Arnold ?,HUM,
1058,In which Kevin Costner movie did Sioux Indians play a role ?,ENTY,
1059,How many James Bond novels are there ?,NUM,
1060,How do you get dates with the `` Hooters '' girls ?,DESC,
1061,What bird can swim but can 't fly ?,ENTY,
1062,How can I get a comic character I made copyrighted and published ?,DESC,
1063,How large is the Arctic refuge to preserve unique wildlife and wilderness value on Alaska 's north coast ?,NUM,
1064,What is Plc ?,DESC,
1065,How much electricity does the brain need to work ?,NUM,
1066,How many acres in a mile ?,NUM,
1067,What Dickens novel has David carrying the message `` Barkis is willin '' to Peggy ?,ENTY,
1068,What is a hyperlink ?,DESC,
1069,Who 's the twin brother of the Greek goddess Artemis ?,HUM,
1070,Where did marijuana come from ?,DESC,
1071,What is the per-capita income of Colombia ,NUM,
1072,What novel has Big Brother watching ?,ENTY,
1073,How many Grammys did Michael Jackson win in 1983 ?,NUM,
1074,What does Elysium mean ?,DESC,
1075,What is the oldest website on the Internet ?,LOC,
1076,What is Shalom ?,DESC,
1077,What was the favorite sport of Tom Wolfe 's The Pump House Gang ?,ENTY,
1078,What organic fuel do bog-dwellers use a `` slane '' to cut ?,ENTY,
1079,What is the average age of a member of the team that worked on the Manhatten Project ?,NUM,
1080,What country received all the Nobel Prizes awarded in 1976 ?,LOC,
1081,How do you get rid on woodpeckers ?,DESC,
1082,How many syllables are there in a line of hendecasyllabic poetry ?,NUM,
1083,What soft drink first appeared in the Old Corner Drug Store in Waco ,ENTY,
1084,What is Britain 's possession on the Chinese mainland ?,LOC,
1085,Who was America 's first Public Enemy No. 1 ?,HUM,
1086,How many children under 18 are victims of some sort of Physical Abuse each year ?,NUM,
1087,What is the origin of thank you notes ?,DESC,
1088,What did Jimmy Stewart invent ?,ENTY,
1089,What generation am I in ?,ENTY,
1090,What is a fear of hell ?,ENTY,
1091,Who is Dear Abby ?,HUM,
1092,Who lives at 24 Sussex Drive ,HUM,
1093,What is Jell-O made from ?,ENTY,
1094,Who was Monet ?,HUM,
1095,What are the only two states that incorporate the Confederate battle flag in their flags ?,LOC,
1096,How do you make panoramic sugar eggs for Easter - the ones with the scene inside ?,DESC,
1097,What 's the Southern dish made of pigs ' small intestines ?,ENTY,
1098,Where is Guam ?,LOC,
1099,Who was the famous door-to-door brush salesman ?,HUM,
1100,What is the executor in a will ?,DESC,
1101,What inescapable purveyor of background music celebrated its 5th anniversary in July ,HUM,
1102,How many people in America snore ?,NUM,
1103,Who is always trying to get the rent from Andy Capp ?,HUM,
1104,What soft drink is most heavily caffeinated ?,ENTY,
1105,Who did Jackie Kennedy commission to write The Death of a President ?,HUM,
1106,Which drug is commonly used to treat AIDS ?,ENTY,
1107,How many stars are there on the Soviet Union 's flag ?,NUM,
1108,What is the difference between microprocessors & microcontrollers ?,DESC,
1109,Who sought to create The Great Society ?,HUM,
1110,What are tourist attractions in Reims ?,LOC,
1111,What are the lengths of pearl necklaces ?,NUM,
1112,Who said : `` Soldiers win the battles and generals get the credit '' ?,HUM,
1113,What is the proof that houseplants metabolize carcinogens ?,DESC,
1114,What prompted the co-pilot of the Enola Gay to enter only `` My God '' in his log ?,DESC,
1115,How long does it take the typical hen to lay 19 dozen eggs ?,NUM,
1116,What Colorado city owns its own glacier ?,LOC,
1117,What is the history of `` the toast '' ?,DESC,
1118,What was the name of the Protestant revolt against the supremacy of the Pope ?,ENTY,
1119,What is an arab strap ?,DESC,
1120,How much does it cost ,NUM,
1121,Who is the current UN Secretary General ?,HUM,
1122,Who provides telephone service in Orange County ,HUM,
1123,Where did guinea pigs originate ?,LOC,
1124,What two countries ' coastlines border the Bay of Biscay ?,LOC,
1125,Why did Egyptians shave their eyebrows ?,DESC,
1126,What organization did Mr. Waverly assign agents for ?,HUM,
1127,When was the slinky invented ?,NUM,
1128,What are the characters ' names in the Scooby-Doo cartoon ?,HUM,
1129,What is a fear of cold ?,ENTY,
1130,What was Eduard Shevardnadze 's job in the Soviet Union ?,HUM,
1131,What causes rust ?,DESC,
1132,Which is the only Dick Tracy villain to appear three times ?,HUM,
1133,What was the monster in Spielberg 's film `` Jaws '' ?,ENTY,
1134,What color is an Arctic fox in winter ?,ENTY,
1135,What do the names Neil ,DESC,
1136,What European capital celebrated its 2 ,LOC,
1137,Why do people in the upper peninsula of Michagin say `` eh ? '' ?,DESC,
1138,What flower did Vincent Van Gogh paint ?,ENTY,
1139,What country was the setting of You Only Live Twice ?,LOC,
1140,What was Thatcher 's approval rating after 10 years in power ?,NUM,
1141,Winnie the Pooh is what kind of animal ?,ENTY,
1142,What was the first Funk 'N Lata ,DESC,
1143,What is a handheld PC ?,DESC,
1144,What did John Hinckley do to impress Jodie Foster ?,DESC,
1145,What is Larry King 's job ?,HUM,
1146,How many calories are in a tomato ?,NUM,
1147,In what state was the first co-educational college established,LOC,
1148,What war saw a naval battle between the luxury liners Cap Trafalgar and the Carmania ?,ENTY,
1149,What is the treatment for depression ?,ENTY,
1150,What is a fear of slime ?,ENTY,
1151,What country in Latin America is the largest one ?,LOC,
1152,On which Hawaiian island is Pearl Harbor ?,LOC,
1153,What feathered cartoon characters do Yugoslavians know as Vlaja ,HUM,
1154,What Marx Brothers movie centers on a stolen painting ?,ENTY,
1155,What was unusual about Alexandra 's appearance in Josie and the Pussycats ?,DESC,
1156,What is the origin of the word `` mind '' ?,DESC,
1157,When was Dick Clark born ?,NUM,
1158,What game is fatal to anybody over 21 ?,ENTY,
1159,What is the death toll of people dying from tuberculosis ?,NUM,
1160,What happened to Moon Maiden ?,DESC,
1161,What city is wiener schnitzel named for ?,LOC,
1162,What are the Urals ?,DESC,
1163,How can you stop the itch from poison ivy ?,DESC,
1164,What desert has the highest sand dunes ?,LOC,
1165,What two countries contain Sierra Nevada mountains ?,LOC,
1166,How do you tell your parents you are dating an older man ?,DESC,
1167,How long was the TV mission of Star Trek 's Enterprise to be ?,NUM,
1168,What phone number can I call to have a tree planted ?,NUM,
1169,When did the `` Star-Spangled Banner '' become the national anthem ?,NUM,
1170,Who was Lacan ?,HUM,
1171,What are the four natural aids used in riding a horse ?,ENTY,
1172,What continent 's name appears on the upper left corner of a Budweiser label ?,LOC,
1173,Who was the Secretary of War in the Civil War during the Battle of Gettysburg ?,HUM,
1174,Who did Bobby Fischer beat to win the world chess championship ?,HUM,
1175,How do you exterminate bees that are in the walls of your home ? Will bee eggs remain over winter ?,DESC,
1176,Where can I get information and statistics on countries and nations ?,LOC,
1177,Name a Gaelic language .,ENTY,
1178,What day is August 13 ,NUM,
1179,Where can I find a list of all the companies in America that offer a direct stock purchase plan ?,LOC,
1180,How do you send a movie transcript to Hollywood so that it can be produced into a film ?,DESC,
1181,What literary classic centers on the search for a treasure in gold worth 7 ,ENTY,
1182,What is the origin of blue for boys and pink for girls ?,DESC,
1183,What is the name of the Michelangelo painting that shows two hands with fingers touching ?,ENTY,
1184,How big is a quart ?,NUM,
1185,What is the Hub of London ?,DESC,
1186,Jude Law acted in which film ?,ENTY,
1187,What causes panic attacks ?,DESC,
1188,What was the filling in the first golf balls ?,DESC,
1189,What drug did Sigmund Freud become fascinated with while experimenting with the treatment of neurasthenia ?,ENTY,
1190,What country was A Terrible Beauty to Leon Uris ?,LOC,
1191,What is typhoid fever ?,DESC,
1192,Where can I buy a hat like the kind Jay Kay from Jamiroquai wears ?,LOC,
1193,What are the Twin Cities ?,DESC,
1194,What is Beethoven 's 9th symphony called ?,ENTY,
1195,Name the lawyer for Randy Craft .,HUM,
1196,Which breakfast cereal brought you `` the best each morning '' ?,ENTY,
1197,What does Ms. ,ABBR,
1198,What is the Homelite Inc. home page ?,LOC,
1199,What explosive do you get by mixing charcoal ,ENTY,
1200,What mountainous region of the world is the Lhasa Apso dog native to ?,LOC,
1201,What cancer is commonly associated with AIDS ?,ENTY,
1202,How long does it take light to reach the Earth from the Sun ?,NUM,
1203,Who lives at 39 Stone Canyon Way ?,HUM,
1204,How many questions are on this thing ?,NUM,
1205,Who played Humpty Dumpty in the 1933 film Alice in Wonderland ?,HUM,
1206,Who is Karenna Gore ,HUM,
1207,Who played the title role in I Was a Teenage Werewolf ?,HUM,
1208,Why are there olives in martinis ?,DESC,
1209,In what year did Hitler gain power of Germany ?,NUM,
1210,What year did Rossetti paint `` Beata Beatrix '' ?,NUM,
1211,What record company produced the 1978 movie The Wiz ?,HUM,
1212,Where can I find information about touring the Philippines ?,LOC,
1213,What did The Gas House Gang play ?,ENTY,
1214,How many square feet is Bill Gates ' home ?,NUM,
1215,What is the name of actor Rex Harrison 's son ,HUM,
1216,What is the highest Roman numeral ?,DESC,
1217,What 's the most popular form of bridge ?,ENTY,
1218,Who was the inventor of the stove ?,HUM,
1219,What comedian has a legendary reputation for stealing jokes ?,HUM,
1220,Where can I find information on the cyclone that hit New Jersey on 8/28/1941 ?,LOC,
1221,Boxing Day is celebrated on what date ?,NUM,
1222,What are the first ten amendements passed ?,ENTY,
1223,What is another term for the painful wrist syndrome ?,ENTY,
1224,What 's the difference between sleet and freezing rain ?,DESC,
1225,How is the new Ford Econoline van F25 V1 engine ?,DESC,
1226,Who was the king who was forced to agree to the Magna Carta ?,HUM,
1227,Who was made the first honorary citizen of the U.S. ?,HUM,
1228,What game is Garry Kasparov really good at ?,ENTY,
1229,Where was Richard Nixon when Gerald Ford became president ?,LOC,
1230,Where does the U.S. rank among world countries in area ?,NUM,
1231,What novel did Ian Fleming introduce James Bond in ?,ENTY,
1232,What was the target rate for M3 growth in 1992 ?,NUM,
1233,What baseball team was routinely called `` dem bums '' by its frustrated fans ?,HUM,
1234,Name of scholar on whose literal translations from the Chinese and Japanese Ezra Pound depended ?,HUM,
1235,When did Israel begin turning the Gaza Strip and Jericho over to the PLO ?,NUM,
1236,What are the major differences in the Catholic and Methodist religions ?,DESC,
1237,Name the On Stage character whose face was never seen .,HUM,
1238,How much energy is released when oxygen and hydrogen mix ?,NUM,
1239,What is the best Internet business to go into ?,HUM,
1240,What does Venus Retrograde mean ?,DESC,
1241,Who is known as `` the world 's oldest teenager '' ?,HUM,
1242,What are the largest breweries in the world ?,LOC,
1243,What does Las Vegas mean ?,DESC,
1244,What does the word `` meta '' mean ?,DESC,
1245,What keeps clouds in the air ?,ENTY,
1246,What 's the term for any four-sided figure ?,ENTY,
1247,Ray Charles plays which instrument ?,ENTY,
1248,What country and western singer is known as The Silver Fox ?,LOC,
1249,What building appropriately enough is depicted on the back of the 1-dollar bill ?,LOC,
1250,What is graduate school ?,DESC,
1251,What is the difference between New York-style and Chicago-style pizza ?,DESC,
1252,What baseball team owner and sailor is known as The Mouth of the South ?,HUM,
1253,What type of betting is used in horse racing ?,ENTY,
1254,What kind of hat does Bat Masterson wear ?,ENTY,
1255,Who was with Patricia Hearst the night she was kidnaped ?,HUM,
1256,What is the Viking Prince 's first name ?,HUM,
1257,What does the abbreviation cwt. ?,ABBR,
1258,In what deodorant commercial did tenants have adjoining medicine cabinets ?,ENTY,
1259,Where is Rider College located ?,LOC,
1260,What boxer 's life story is titled Raging Bull ?,HUM,
1261,For what reason did some San Diego schools stop serving apples ?,DESC,
1262,Who advised listeners to `` see the U.S.A. in your Chevrolet '' ?,HUM,
1263,Where was the first restaurant ?,LOC,
1264,Where can I find full written draft of CTBT ?,LOC,
1265,How many horses died during the civil war ?,NUM,
1266,How much waste does an average dairy cow produce in a day ?,NUM,
1267,What Nobel laureate was expelled from the Philippines before the conference on East Timor ?,HUM,
1268,What woman has carried the most multiple births ,HUM,
1269,How many minutes were there on the original GE College Bowl clock ?,NUM,
1270,What is the average time it takes for a male to ejaculate ?,NUM,
1271,What is website of the International Court of Justice ?,LOC,
1272,Where are 8 of the 10 highest mountains in the world ?,LOC,
1273,Where can I look at a perpetual calendar ?,LOC,
1274,How many astronauts have been on the moon ?,NUM,
1275,In what year did the Bounty mutiny happen ?,NUM,
1276,What is the only substance that gives food its `` taste '' when eaten ?,ENTY,
1277,How do you reference a website ?,DESC,
1278,What is pandoro ?,DESC,
1279,What do the letters ZIP stand for in the phrase `` ZIP code '' ?,ABBR,
1280,Which Bourbon king was restored to the French throne during Napoleon 's abdication ?,HUM,
1281,What is one of the cities that the University of Minnesota is located in ?,LOC,
1282,What are the words to `` My Way '' written by Paul Anka ?,DESC,
1283,How do I install a tile floor ?,DESC,
1284,What is the quickest and easiest way to get nail polish out of clothes ?,ENTY,
1285,Why was the zipper invented ?,DESC,
1286,What 's the No. 1 killer in industrialized countries ?,ENTY,
1287,Name four famous cartoon cats .,ENTY,
1288,What daughter of Henry VIII and Anne Boleyn became queen of England ?,HUM,
1289,How did ` stat ' come to be used as an expression for quickly ?,DESC,
1290,What 's the most common nickname of U.S. college football teams ?,HUM,
1291,What 's the distinction of U.S. Supreme Court Justice Thurgood Marshall ?,DESC,
1292,What is the most useful site on the Internet ?,LOC,
1293,What is the world 's highest peak ?,LOC,
1294,What was a Mae West on a World War II battleship ?,DESC,
1295,Define cosmology .,DESC,
1296,What comedienne upstaged Dwight D. Eisenhower 's first inauguration by giving birth to her first child ?,HUM,
1297,What are amicable numbers ?,DESC,
1298,When were the Olympic Games in which Nadia Comaneci became popular played ?,NUM,
1299,Where is Hearst Castle ,LOC,
1300,What 's the largest U.S. city on the Great Lakes ?,LOC,
1301,Who sang about Desmond and Molly Jones ?,HUM,
1302,What magazine gives us the cream ,ENTY,
1303,What does the technique called `` cold fusion '' produce ?,ENTY,
1304,What costume designer decided that Michael Jackson should only wear one glove ?,HUM,
1305,What meter did Shakespeare use in writing : `` To be ,ENTY,
1306,How many rows of sprocket holes does a roll of 35-millimeter film have ?,NUM,
1307,What is the goat population of the world ?,NUM,
1308,What company was the original sponsor of TV 's Superman ?,HUM,
1309,What term does a Czech use to describe a Pole ?,ENTY,
1310,What sea separates Naples and Algiers ?,LOC,
1311,How many lawyers are there in the state of New Jersey ?,NUM,
1312,What are the most common elements in seawater ?,ENTY,
1313,Describe the Finnish music personality Salonen 's appearance .,DESC,
1314,What is the origin of the ethnic category `` caucasian '' ?,DESC,
1315,What is a stratocaster ?,DESC,
1316,What kind of science is cosmology ?,ENTY,
1317,Name the blind sculptress in love with the Fantastic Four 's Thing .,HUM,
1318,What 's the second-lightest element ?,ENTY,
1319,What do you call a `` twirl '' in ballet ?,ENTY,
1320,What is the brand name of daminozide ?,ENTY,
1321,What is the former name of Zimbabwe ?,ENTY,
1322,What National Basketball Association superstar told his story in Giant Steps ?,HUM,
1323,What animals did The Amazing Three masquerade as ?,ENTY,
1324,How did the bikini bathing suite get its name ?,DESC,
1325,When did Fraze get his first patent for the pull-tab can ?,NUM,
1326,How many games are played in a five-team round-robin tournament ?,NUM,
1327,Who developed the first polio vaccine ?,HUM,
1328,Who made the first gas engine ?,HUM,
1329,What country claimed Rubens ,LOC,
1330,What civil war was fought between 1936 and 1939 ?,ENTY,
1331,How many questions do you have on your database ?,NUM,
1332,How do clouds form ?,DESC,
1333,Where can I find examples of legal cases about the Individuals with Disabilities Education Act ?,LOC,
1334,What character did Tex Avery first create upon arriving at MGM ?,HUM,
1335,When was the Triangle Shirtwaist fire ?,NUM,
1336,What Asian spiritual and political leader was married at the age of 13 ?,HUM,
1337,Where is Ocho Rios ?,LOC,
1338,What is the half-life of P-32 ?,DESC,
1339,What ocean does Mauritania border ?,LOC,
1340,Why do pressure cookers save time in the kitchen ?,DESC,
1341,Why are there 12 people on a jury in criminal cases ?,DESC,
1342,What do Christian Scientists believe in ?,DESC,
1343,What World War I battle saw 6 ,ENTY,
1344,What country is Kosovo a part of ?,LOC,
1345,Tell me what city the Kentucky Horse Park is near ?,LOC,
1346,What computer operating system is on the most computers ?,ENTY,
1347,What is Bill Gross 's email address ?,LOC,
1348,What is the economic impact of unemployment on the economy ?,DESC,
1349,What do the letters D.C. stand for in Washington ,ABBR,
1350,What animals can live the longest without food ?,ENTY,
1351,What English queen had seventeen children ?,HUM,
1352,What is the approximate population of Las Vegas ,NUM,
1353,How much does the President get paid ?,NUM,
1354,What two baseball players make up the battery ?,HUM,
1355,What 's the largest letter in Salvador Dali 's signature ?,ENTY,
1356,What does an irate car owner call iron oxide ?,ENTY,
1357,Of children between the ages of two and eleven ,NUM,
1358,What 's the northernmost U.S. state apart from Alaska ?,LOC,
1359,Name an art gallery in New York .,LOC,
1360,Who sells Viagra ?,HUM,
1361,What musical instrument did Prewitt play in James Jones 's From Here to Eternity ?,ENTY,
1362,What is the Home Rule Act ?,DESC,
1363,What building are British monarchs crowned in ?,LOC,
1364,What are Bellworts ?,DESC,
1365,Who was Darius ?,HUM,
1366,What movie told of Anna Anderson 's claim to be a Russian czar 's daughter ?,ENTY,
1367,Who did Dita Beard work for ?,HUM,
1368,What kind of creature is a coot ?,ENTY,
1369,Name the university of which Woodrow Wilson was president .,HUM,
1370,What country was first to use the airplane as a weapon of war ,LOC,
1371,What university was Woodrow Wilson President of ?,HUM,
1372,What is a fear of disease ?,ENTY,
1373,What kind of meat is Fray Bentos synonymous with ?,ENTY,
1374,What did Mr. Magoo flog on TV for General Electric ?,ENTY,
1375,What are the words to the Canadian National anthem ?,DESC,
1376,What is the name of the Jewish alphabet ?,ENTY,
1377,Who served as inspiration for the schoolteacher portrayed by Robin Williams in `` Dead Poets Society '' ?,HUM,
1378,What is Columbia Tristar 's phone number ?,NUM,
1379,Name the five positions who are in the line of succession to the presidency .,HUM,
1380,Which one of the original seven Mercury program astronauts did not fly on any of the Mercury flights ?,HUM,
1381,Who is the best known villain of the 165 Gunpowder Plot ?,HUM,
1382,What is the capital of Burkina Faso ?,LOC,
1383,What continent is Bolivia on ?,LOC,
1384,Why was Muhammad Ali stripped of his title and barred from boxing in 1967 ?,DESC,
1385,Who killed more people ,HUM,
1386,What caused Shea & Gould to close their L.A. office ?,DESC,
1387,What 's the only mammal that can 't jump ?,ENTY,
1388,What U.S. state has the most blondes ?,LOC,
1389,What war saw battles at Parrot 's Beak and Black Virgin ?,ENTY,
1390,What was the U.S. highway death toll in 1969 ?,NUM,
1391,What does the name Kelly mean ?,DESC,
1392,What is a phalanx ?,DESC,
1393,What mustachioed comedian portrayed Frankie in North to Alaska ?,HUM,
1394,What does each of the utilities cost in Monopoly ?,NUM,
1395,What actor and World War II airman had a $5 ,HUM,
1396,What does e.g. stand for ?,ABBR,
1397,What is the name of the medical condition in which a baby is born without a brain ?,ENTY,
1398,How do storms form ?,DESC,
1399,Who is Nicolo Paganini ?,HUM,
1400,What city is often called The Insurance Capital of the World ?,LOC,
1401,What are the three animals in Sheila Burnford 's The Incredible Journey ?,ENTY,
1402,Who portrayed Dracula in Hammer Studios ' films ?,HUM,
1403,Name one of the Seven Wonders of the Ancient World .,ENTY,
1404,When were fish first believed to be found on earth ?,NUM,
1405,What President 's favorite Biblical quotation was : `` Come now ,HUM,
1406,How many elevators do you ride to reach the top floor of the Empire State Building ?,NUM,
1407,Name the food company that traveled to Soviet Georgia to film a series of ads .,HUM,
1408,What country was Sir Edmund Hillary born in ?,LOC,
1409,What 's an infant seal called ?,ENTY,
1410,What was the proper Laugh-In respones to : `` Say goodnight ,DESC,
1411,What city was John F. Kennedy nominated for president in ?,LOC,
1412,How long does a dog sleep ?,NUM,
1413,What 1963 Joseph L. Mankiewicz film cost $28 million ?,ENTY,
1414,What Japanese electronics company was named for a coastal city northeast of Tokyo ?,HUM,
1415,What can you be fined for having a dog on a beach ?,NUM,
1416,Where did the Battle of the Bulge take place ?,LOC,
1417,How much will the California be in the year 2000 ?,NUM,
1418,What mystery writer penned `` ...the glory that was Greece ,HUM,
1419,What state full of milk and honey was the destination in The Grapes of Wrath ?,LOC,
1420,What is the tallest building in Japan ?,LOC,
1421,Where is Sinn Fein 's headquarters ?,LOC,
1422,Name Li 'l Abner 's favorite Indian drink .,ENTY,
1423,What are some important events of the 1830 's ?,ENTY,
1424,The Iraqis launched their attack on Kuwait on what day ?,NUM,
1425,What letter adorns the flag of Rwanda ?,ENTY,
1426,What did 8 ,ENTY,
1427,What is God ?,DESC,
1428,What country 's northernmost city is Darwin ?,LOC,
1429,What sound does Olympia ,LOC,
1430,What TV show chronicled the lives of Katy Holstrum and Congressman Glen Morley ?,ENTY,
1431,What Kentucky city calls itself The Horse Center of America ?,LOC,
1432,How many penny-farthings are there on a Trivial Pursuit game board ?,NUM,
1433,What 's the most abundant element in the sun ?,ENTY,
1434,What European country boasts the city of Furth ,LOC,
1435,What U.S. state is Dixville Notch in ?,LOC,
1436,Where was the Cisalpine Republic ,LOC,
1437,What is the largest shopping mall in the world ?,LOC,
1438,What is the protagonist 's name in Dostoevski 's `` The Idiot '' ?,HUM,
1439,What penalty space lies between Baltic Avenue and Reading Railroad on a Monopoly board ?,ENTY,
1440,What presidential press secretary dismissed Watergate as a third-rate burglary attempt ?,HUM,
1441,What is a meerkat ?,DESC,
1442,Who was Jean Nicolet ?,HUM,
1443,What kind of animal was Winnie the Pooh ?,ENTY,
1444,Which of these are authors ?,HUM,
1445,What 's the international radio code word for the letter B ?,ENTY,
1446,Who was the original Humpty Dumpty ?,HUM,
1447,What is cache memory ?,DESC,
1448,Aspartame is also known as what ?,ENTY,
1449,Where is the location of the Orange Bowl ?,LOC,
1450,When is President Nixon 's birthday ?,NUM,
1451,What is the origin of the midwest slang ,DESC,
1452,Whose cupboard was bare ?,HUM,
1453,What are the seven seas ?,LOC,
1454,What does IBM stand for ?,ABBR,
1455,What is the difference between jazz and blues ?,DESC,
1456,What is the C programming language ?,DESC,
1457,What 's the name of Popeye 's adopted son ?,HUM,
1458,Who invented the vacuum cleaner ?,HUM,
1459,What is a ` borrow pit ' ?,DESC,
1460,What 2th-century fictional character attends Pencey Prep School ?,HUM,
1461,How many people in the USA say their number one source of information is the newspaper ?,NUM,
1462,Who does Shakespeare 's Antonio borrow 3 ,HUM,
1463,Which country is known as `` Big Bear '' ?,LOC,
1464,What `` melts in your mouth ,ENTY,
1465,How many times a day should you take a prescription marked `` q.i.d . '' ?,NUM,
1466,What is the origin of the atom ?,DESC,
1467,Who is the Voyager project manager ?,HUM,
1468,Which radio stations air the Jim Bohannon Radio Talk Show ?,HUM,
1469,What two commanders directed the forces in the Battle of El Alamein ?,HUM,
1470,Name the creator of `` The Muppets '' .,HUM,
1471,How do I e-mail someone at aol.com from yahoo.com ?,DESC,
1472,Who replies `` I know '' to Princess Leia 's confession `` I love you '' in The Empire Strikes Back ?,HUM,
1473,What is the meaning of the name Ella ?,DESC,
1474,What 's the home of the Rockettes ?,LOC,
1475,Where can I find all the information I need to know about the English Civil War ,LOC,
1476,What is the name of the firm that makes Spumante ?,HUM,
1477,What sport is played on the largest field ?,ENTY,
1478,Who won the 1967 Academy Award for Best Actor ?,HUM,
1479,What is after death ?,ENTY,
1480,Name the first private citizen to fly in space .,HUM,
1481,What was football star Elroy Hirsch 's nickname ?,HUM,
1482,What singer sings `` Oh Boy '' ?,HUM,
1483,How much pizza do Americans eat in a day ?,NUM,
1484,What is the website for the USA journal ?,LOC,
1485,What army 's motto is Blood and Fire ?,HUM,
1486,What kind of patent did Ermal Fraze get in 1963 ?,ENTY,
1487,What are you hearing when you put a seashell to your ear ?,DESC,
1488,Why are haunted houses popular ?,DESC,
1489,Which gender has bigger thighs ?,ENTY,
1490,What U.S. state has the second-longest coastline ?,LOC,
1491,What state 's home to the Buffalo Bill Historical Center ?,LOC,
1492,How fast do cheetahs run ?,NUM,
1493,What is Ray Bradbury 's illustrated man illustrated with ?,ENTY,
1494,How fast is a 45Mhz processor ?,NUM,
1495,What kind of puzzle first appeared in the U.S. in the New York World on December 21 ,ENTY,
1496,What count did Alexandre Dumas write about ?,HUM,
1497,What are the odds of giving birth to twins ?,NUM,
1498,What is the largest natural lake in Pennsylvania ?,LOC,
1499,How far is London UK from California ?,NUM,
1500,Name the two mystical ravens Odin has at his command .,ENTY,
